id,name,model_id:id,group_id:id,perm_read,perm_write,perm_create,perm_unlink
access_account_financial_report_accountant,access.account.financial.report.manager,model_account_financial_report,account.group_account_user,1,1,1,1
access_account_report_general_ledger,access.account.report.general.ledger,model_account_report_general_ledger,account.group_account_user,1,1,1,1
access_account_balance_report,access.account.balance.report,model_account_balance_report,account.group_account_user,1,1,1,1
access_account_report_partner_ledger,access.account.report.partner.ledger,model_account_report_partner_ledger,account.group_account_user,1,1,1,1
access_accounting_report,access.accounting.report,model_accounting_report,account.group_account_user,1,1,1,1
access_account_aged_trial_balance,access.account.aged.trial.balance,model_account_aged_trial_balance,account.group_account_user,1,1,1,1
access_account_tax_report,access.account.tax.report,model_account_tax_report,account.group_account_user,1,1,1,1

